,NAME,LATITUDE,LONGITUDE,ELEVATION,DATE,PRCP,TAVG,TMAX,TMIN,conesMod,conesErr
0,"RALEIGH AIRPORT, NC US",35.8923,-78.7819,126.8,2018-01-01,0.0,22,28,13,100.0,300.04820845302027
1,"RALEIGH AIRPORT, NC US",35.8923,-78.7819,126.8,2018-01-02,0.0,20,32,12,100.0,203.87196215994106
2,"RALEIGH AIRPORT, NC US",35.8923,-78.7819,126.8,2018-01-03,0.06,21,32,9,100.0,83.35708802122733
3,"RALEIGH AIRPORT, NC US",35.8923,-78.7819,126.8,2018-01-04,0.0,26,30,18,100.0,342.2950733742415
4,"RALEIGH AIRPORT, NC US",35.8923,-78.7819,126.8,2018-01-05,0.0,21,31,12,100.0,305.25076919712694
5,"RALEIGH AIRPORT, NC US",35.8923,-78.7819,126.8,2018-01-06,0.0,19,27,12,100.0,42.33776541393232
6,"RALEIGH AIRPORT, NC US",35.8923,-78.7819,126.8,2018-01-07,0.0,16,30,4,100.0,144.8677825824251
7,"RALEIGH AIRPORT, NC US",35.8923,-78.7819,126.8,2018-01-08,0.0,28,47,16,100.0,29.381046391245917
8,"RALEIGH AIRPORT, NC US",35.8923,-78.7819,126.8,2018-01-09,0.0,44,63,29,140.0,81.67787161137107
9,"RALEIGH AIRPORT, NC US",35.8923,-78.7819,126.8,2018-01-10,0.0,50,61,43,200.0,665.8387417461146
10,"RALEIGH AIRPORT, NC US",35.8923,-78.7819,126.8,2018-01-11,0.11,52,64,41,220.0,387.8811513467205
11,"RALEIGH AIRPORT, NC US",35.8923,-78.7819,126.8,2018-01-12,0.5,66,71,56,360.0,820.5210244345727
12,"RALEIGH AIRPORT, NC US",35.8923,-78.7819,126.8,2018-01-13,0.0,50,56,29,200.0,448.3407280523958
13,"RALEIGH AIRPORT, NC US",35.8923,-78.7819,126.8,2018-01-14,0.0,29,33,21,100.0,209.0514401255732
14,"RALEIGH AIRPORT, NC US",35.8923,-78.7819,126.8,2018-01-15,0.0,25,39,17,100.0,43.48249973799119
15,"RALEIGH AIRPORT, NC US",35.8923,-78.7819,126.8,2018-01-16,0.0,31,47,20,100.0,48.50871851182302
16,"RALEIGH AIRPORT, NC US",35.8923,-78.7819,126.8,2018-01-17,0.49,34,38,23,100.0,266.26045585733095
17,"RALEIGH AIRPORT, NC US",35.8923,-78.7819,126.8,2018-01-18,0.0,23,34,10,100.0,369.3315280170202
18,"RALEIGH AIRPORT, NC US",35.8923,-78.7819,126.8,2018-01-19,0.0,30,49,19,100.0,75.71016516369252
19,"RALEIGH AIRPORT, NC US",35.8923,-78.7819,126.8,2018-01-20,0.0,39,56,26,100.0,59.18470533198078
20,"RALEIGH AIRPORT, NC US",35.8923,-78.7819,126.8,2018-01-21,0.0,47,68,31,170.0,309.72392163529264
21,"RALEIGH AIRPORT, NC US",35.8923,-78.7819,126.8,2018-01-22,0.0,49,62,38,190.0,536.8056916031187
22,"RALEIGH AIRPORT, NC US",35.8923,-78.7819,126.8,2018-01-23,0.83,62,70,47,320.0,720.7242948721756
23,"RALEIGH AIRPORT, NC US",35.8923,-78.7819,126.8,2018-01-24,0.0,47,54,34,170.0,461.81780046583805
24,"RALEIGH AIRPORT, NC US",35.8923,-78.7819,126.8,2018-01-25,0.0,38,49,26,100.0,236.16594509442868
25,"RALEIGH AIRPORT, NC US",35.8923,-78.7819,126.8,2018-01-26,0.0,38,57,25,100.0,57.123570349551414
26,"RALEIGH AIRPORT, NC US",35.8923,-78.7819,126.8,2018-01-27,0.0,47,67,31,170.0,319.5599865522045
27,"RALEIGH AIRPORT, NC US",35.8923,-78.7819,126.8,2018-01-28,1.3,57,60,52,270.0,730.0872312834259
28,"RALEIGH AIRPORT, NC US",35.8923,-78.7819,126.8,2018-01-29,0.59,49,52,33,190.0,406.04504668852695
29,"RALEIGH AIRPORT, NC US",35.8923,-78.7819,126.8,2018-01-30,0.04,35,40,25,100.0,16.511783868928575
30,"RALEIGH AIRPORT, NC US",35.8923,-78.7819,126.8,2018-01-31,0.0,31,47,19,100.0,412.29799716766286
31,"RALEIGH AIRPORT, NC US",35.8923,-78.7819,126.8,2018-02-01,0.0,43,62,31,130.0,328.65664696739907
32,"RALEIGH AIRPORT, NC US",35.8923,-78.7819,126.8,2018-02-02,0.16,45,57,24,150.0,409.3313764337188
33,"RALEIGH AIRPORT, NC US",35.8923,-78.7819,126.8,2018-02-03,0.0,28,42,18,100.0,495.26520963647266
34,"RALEIGH AIRPORT, NC US",35.8923,-78.7819,126.8,2018-02-04,0.61,40,56,33,100.0,117.83179882624789
35,"RALEIGH AIRPORT, NC US",35.8923,-78.7819,126.8,2018-02-05,0.0,40,48,29,100.0,98.08725925227432
36,"RALEIGH AIRPORT, NC US",35.8923,-78.7819,126.8,2018-02-06,0.0,42,59,29,120.0,135.93454755301258
37,"RALEIGH AIRPORT, NC US",35.8923,-78.7819,126.8,2018-02-07,0.21,54,65,44,240.0,502.04407423605215
38,"RALEIGH AIRPORT, NC US",35.8923,-78.7819,126.8,2018-02-08,0.0,46,50,33,160.0,410.929323568032
39,"RALEIGH AIRPORT, NC US",35.8923,-78.7819,126.8,2018-02-09,0.0,41,58,28,110.0,216.6191664920493
40,"RALEIGH AIRPORT, NC US",35.8923,-78.7819,126.8,2018-02-10,0.08,51,65,43,210.0,422.01333860702215
41,"RALEIGH AIRPORT, NC US",35.8923,-78.7819,126.8,2018-02-11,0.0,67,72,64,370.0,880.3917340618455
42,"RALEIGH AIRPORT, NC US",35.8923,-78.7819,126.8,2018-02-12,0.08,61,65,42,310.0,683.0933990256151
43,"RALEIGH AIRPORT, NC US",35.8923,-78.7819,126.8,2018-02-13,0.0,42,44,37,120.0,301.74294613579946
44,"RALEIGH AIRPORT, NC US",35.8923,-78.7819,126.8,2018-02-14,0.0,44,58,37,140.0,269.3014112856788
45,"RALEIGH AIRPORT, NC US",35.8923,-78.7819,126.8,2018-02-15,0.0,61,75,54,310.0,613.1843636673175
46,"RALEIGH AIRPORT, NC US",35.8923,-78.7819,126.8,2018-02-16,0.02,68,81,56,380.0,916.1328959484816
47,"RALEIGH AIRPORT, NC US",35.8923,-78.7819,126.8,2018-02-17,0.06,49,56,40,190.0,365.8947898016697
48,"RALEIGH AIRPORT, NC US",35.8923,-78.7819,126.8,2018-02-18,0.02,47,61,39,170.0,276.87340700792925
49,"RALEIGH AIRPORT, NC US",35.8923,-78.7819,126.8,2018-02-19,0.3,45,50,40,150.0,217.20171526884403
50,"RALEIGH AIRPORT, NC US",35.8923,-78.7819,126.8,2018-02-20,0.0,56,72,50,260.0,501.8353678081521
51,"RALEIGH AIRPORT, NC US",35.8923,-78.7819,126.8,2018-02-21,0.0,68,77,63,380.0,788.5212038544986
52,"RALEIGH AIRPORT, NC US",35.8923,-78.7819,126.8,2018-02-22,0.0,68,78,61,380.0,836.8206092119575
53,"RALEIGH AIRPORT, NC US",35.8923,-78.7819,126.8,2018-02-23,0.0,61,70,52,310.0,639.7307700000283
54,"RALEIGH AIRPORT, NC US",35.8923,-78.7819,126.8,2018-02-24,0.0,65,78,57,350.0,650.2574313675275
55,"RALEIGH AIRPORT, NC US",35.8923,-78.7819,126.8,2018-02-25,0.0,67,73,60,370.0,495.1420579075674
56,"RALEIGH AIRPORT, NC US",35.8923,-78.7819,126.8,2018-02-26,0.09,59,63,40,290.0,672.8671109125465
57,"RALEIGH AIRPORT, NC US",35.8923,-78.7819,126.8,2018-02-27,0.0,47,61,35,170.0,191.1139329148131
58,"RALEIGH AIRPORT, NC US",35.8923,-78.7819,126.8,2018-02-28,0.07,48,57,39,180.0,335.7980419792499
59,"RALEIGH AIRPORT, NC US",35.8923,-78.7819,126.8,2018-03-01,0.59,52,57,50,220.0,618.8606496021238
60,"RALEIGH AIRPORT, NC US",35.8923,-78.7819,126.8,2018-03-02,0.0,52,55,41,220.0,477.6104827966835
61,"RALEIGH AIRPORT, NC US",35.8923,-78.7819,126.8,2018-03-03,0.0,45,57,35,150.0,177.9575628794268
62,"RALEIGH AIRPORT, NC US",35.8923,-78.7819,126.8,2018-03-04,0.0,45,56,35,150.0,405.54354451841556
63,"RALEIGH AIRPORT, NC US",35.8923,-78.7819,126.8,2018-03-05,0.0,41,54,26,110.0,179.77867912966025
64,"RALEIGH AIRPORT, NC US",35.8923,-78.7819,126.8,2018-03-06,0.45,40,42,32,100.0,127.61607820204266
65,"RALEIGH AIRPORT, NC US",35.8923,-78.7819,126.8,2018-03-07,0.0,43,54,35,130.0,446.691572036156
66,"RALEIGH AIRPORT, NC US",35.8923,-78.7819,126.8,2018-03-08,0.0,38,47,27,100.0,301.52901755798104
67,"RALEIGH AIRPORT, NC US",35.8923,-78.7819,126.8,2018-03-09,0.0,38,52,25,100.0,678.125402984951
68,"RALEIGH AIRPORT, NC US",35.8923,-78.7819,126.8,2018-03-10,0.0,45,56,38,150.0,137.91528680076178
69,"RALEIGH AIRPORT, NC US",35.8923,-78.7819,126.8,2018-03-11,0.21,45,49,38,150.0,301.53439521791495
70,"RALEIGH AIRPORT, NC US",35.8923,-78.7819,126.8,2018-03-12,0.92,37,38,32,100.0,265.67445206545233
71,"RALEIGH AIRPORT, NC US",35.8923,-78.7819,126.8,2018-03-13,0.0,38,48,29,100.0,399.16814344672616
72,"RALEIGH AIRPORT, NC US",35.8923,-78.7819,126.8,2018-03-14,0.0,39,44,31,100.0,162.3282453731519
73,"RALEIGH AIRPORT, NC US",35.8923,-78.7819,126.8,2018-03-15,0.0,42,65,24,120.0,478.96659407504603
74,"RALEIGH AIRPORT, NC US",35.8923,-78.7819,126.8,2018-03-16,0.0,55,68,39,250.0,525.6226560650018
75,"RALEIGH AIRPORT, NC US",35.8923,-78.7819,126.8,2018-03-17,0.27,50,71,34,200.0,293.6119146760235
76,"RALEIGH AIRPORT, NC US",35.8923,-78.7819,126.8,2018-03-18,0.01,52,60,40,220.0,420.04631134071485
77,"RALEIGH AIRPORT, NC US",35.8923,-78.7819,126.8,2018-03-19,0.0,52,65,44,220.0,437.39645907645274
78,"RALEIGH AIRPORT, NC US",35.8923,-78.7819,126.8,2018-03-20,1.05,52,57,36,220.0,424.8360629928349
79,"RALEIGH AIRPORT, NC US",35.8923,-78.7819,126.8,2018-03-21,0.05,37,42,32,100.0,115.39405586733606
80,"RALEIGH AIRPORT, NC US",35.8923,-78.7819,126.8,2018-03-22,0.0,42,53,32,120.0,213.1446607292413
81,"RALEIGH AIRPORT, NC US",35.8923,-78.7819,126.8,2018-03-23,0.0,42,56,27,120.0,391.6588242171944
82,"RALEIGH AIRPORT, NC US",35.8923,-78.7819,126.8,2018-03-24,0.91,39,50,27,100.0,338.1493753631032
83,"RALEIGH AIRPORT, NC US",35.8923,-78.7819,126.8,2018-03-25,0.3,40,54,33,100.0,489.9634751217147
84,"RALEIGH AIRPORT, NC US",35.8923,-78.7819,126.8,2018-03-26,0.0,42,53,32,120.0,120.69551716669484
85,"RALEIGH AIRPORT, NC US",35.8923,-78.7819,126.8,2018-03-27,0.01,41,49,34,110.0,68.2697204900308
86,"RALEIGH AIRPORT, NC US",35.8923,-78.7819,126.8,2018-03-28,0.0,55,76,43,250.0,822.6169918373813
87,"RALEIGH AIRPORT, NC US",35.8923,-78.7819,126.8,2018-03-29,0.0,66,80,56,360.0,783.7710125709538
88,"RALEIGH AIRPORT, NC US",35.8923,-78.7819,126.8,2018-03-30,0.03,68,71,51,380.0,826.1727260610099
89,"RALEIGH AIRPORT, NC US",35.8923,-78.7819,126.8,2018-03-31,0.0,54,64,40,240.0,357.3841009701338
90,"RALEIGH AIRPORT, NC US",35.8923,-78.7819,126.8,2018-04-01,0.0,57,75,41,270.0,605.6838719698492
91,"RALEIGH AIRPORT, NC US",35.8923,-78.7819,126.8,2018-04-02,0.0,66,81,51,360.0,734.9584916841313
92,"RALEIGH AIRPORT, NC US",35.8923,-78.7819,126.8,2018-04-03,0.0,57,75,45,270.0,549.8109102786107
93,"RALEIGH AIRPORT, NC US",35.8923,-78.7819,126.8,2018-04-04,0.0,69,77,48,390.0,963.6646007139992
94,"RALEIGH AIRPORT, NC US",35.8923,-78.7819,126.8,2018-04-05,0.0,49,61,34,190.0,264.56014265544127
95,"RALEIGH AIRPORT, NC US",35.8923,-78.7819,126.8,2018-04-06,0.0,56,73,45,260.0,548.8179518689954
96,"RALEIGH AIRPORT, NC US",35.8923,-78.7819,126.8,2018-04-07,0.99,54,62,33,240.0,221.51204073790433
97,"RALEIGH AIRPORT, NC US",35.8923,-78.7819,126.8,2018-04-08,0.0,40,52,32,100.0,269.1888803904561
98,"RALEIGH AIRPORT, NC US",35.8923,-78.7819,126.8,2018-04-09,0.0,47,57,40,170.0,177.19498316844627
99,"RALEIGH AIRPORT, NC US",35.8923,-78.7819,126.8,2018-04-10,0.0,49,62,39,190.0,653.5067351982821
100,"RALEIGH AIRPORT, NC US",35.8923,-78.7819,126.8,2018-04-11,0.0,50,62,38,200.0,200.07047599616388
101,"RALEIGH AIRPORT, NC US",35.8923,-78.7819,126.8,2018-04-12,0.0,58,75,44,280.0,805.6086831713698
102,"RALEIGH AIRPORT, NC US",35.8923,-78.7819,126.8,2018-04-13,0.0,66,80,52,360.0,596.5591982585063
103,"RALEIGH AIRPORT, NC US",35.8923,-78.7819,126.8,2018-04-14,0.0,70,81,59,400.0,560.2836334241651
104,"RALEIGH AIRPORT, NC US",35.8923,-78.7819,126.8,2018-04-15,3.31,72,82,61,400.0,833.9767609682508
105,"RALEIGH AIRPORT, NC US",35.8923,-78.7819,126.8,2018-04-16,0.0,57,64,41,270.0,575.0846985929109
106,"RALEIGH AIRPORT, NC US",35.8923,-78.7819,126.8,2018-04-17,0.0,47,62,33,170.0,197.91663299136175
107,"RALEIGH AIRPORT, NC US",35.8923,-78.7819,126.8,2018-04-18,0.0,58,82,42,280.0,370.76356884410535
108,"RALEIGH AIRPORT, NC US",35.8923,-78.7819,126.8,2018-04-19,0.0,69,76,45,390.0,421.5201336842053
109,"RALEIGH AIRPORT, NC US",35.8923,-78.7819,126.8,2018-04-20,0.0,50,65,34,200.0,350.0089020985057
110,"RALEIGH AIRPORT, NC US",35.8923,-78.7819,126.8,2018-04-21,0.0,53,68,37,230.0,511.5275144429841
111,"RALEIGH AIRPORT, NC US",35.8923,-78.7819,126.8,2018-04-22,0.0,58,70,42,280.0,255.8208776192326
112,"RALEIGH AIRPORT, NC US",35.8923,-78.7819,126.8,2018-04-23,0.01,59,66,52,290.0,599.7124457599758
113,"RALEIGH AIRPORT, NC US",35.8923,-78.7819,126.8,2018-04-24,0.85,59,65,53,290.0,820.4851166473546
114,"RALEIGH AIRPORT, NC US",35.8923,-78.7819,126.8,2018-04-25,0.0,62,68,51,320.0,375.3529536102025
115,"RALEIGH AIRPORT, NC US",35.8923,-78.7819,126.8,2018-04-26,0.18,60,75,48,300.0,684.9755887744591
116,"RALEIGH AIRPORT, NC US",35.8923,-78.7819,126.8,2018-04-27,0.01,64,73,54,340.0,762.3182111232722
117,"RALEIGH AIRPORT, NC US",35.8923,-78.7819,126.8,2018-04-28,0.0,63,78,50,330.0,567.7297530146922
118,"RALEIGH AIRPORT, NC US",35.8923,-78.7819,126.8,2018-04-29,0.0,60,66,44,300.0,648.531845833658
119,"RALEIGH AIRPORT, NC US",35.8923,-78.7819,126.8,2018-04-30,0.0,54,72,36,240.0,314.5209802939788
120,"RALEIGH AIRPORT, NC US",35.8923,-78.7819,126.8,2018-05-01,0.0,63,83,45,330.0,727.5893944039022
121,"RALEIGH AIRPORT, NC US",35.8923,-78.7819,126.8,2018-05-02,0.0,68,85,53,380.0,1002.6178042760893
122,"RALEIGH AIRPORT, NC US",35.8923,-78.7819,126.8,2018-05-03,0.0,71,85,57,400.0,748.6452587908368
123,"RALEIGH AIRPORT, NC US",35.8923,-78.7819,126.8,2018-05-04,0.0,72,85,60,400.0,706.4770426494515
124,"RALEIGH AIRPORT, NC US",35.8923,-78.7819,126.8,2018-05-05,0.0,72,82,63,400.0,497.7787780017247
125,"RALEIGH AIRPORT, NC US",35.8923,-78.7819,126.8,2018-05-06,0.16,71,85,62,400.0,1080.634096172665
126,"RALEIGH AIRPORT, NC US",35.8923,-78.7819,126.8,2018-05-07,0.0,66,74,55,360.0,1000.9797143257197
127,"RALEIGH AIRPORT, NC US",35.8923,-78.7819,126.8,2018-05-08,0.0,64,77,53,340.0,604.7816038021945
128,"RALEIGH AIRPORT, NC US",35.8923,-78.7819,126.8,2018-05-09,0.0,64,79,50,340.0,693.5140915402558
129,"RALEIGH AIRPORT, NC US",35.8923,-78.7819,126.8,2018-05-10,0.18,71,87,59,400.0,785.9083128200245
130,"RALEIGH AIRPORT, NC US",35.8923,-78.7819,126.8,2018-05-11,0.0,72,89,59,400.0,1004.0727233563579
131,"RALEIGH AIRPORT, NC US",35.8923,-78.7819,126.8,2018-05-12,0.0,80,92,67,400.0,564.5236188132465
132,"RALEIGH AIRPORT, NC US",35.8923,-78.7819,126.8,2018-05-13,0.0,80,93,66,400.0,901.4604732766988
133,"RALEIGH AIRPORT, NC US",35.8923,-78.7819,126.8,2018-05-14,0.0,80,93,68,400.0,461.61700835537226
134,"RALEIGH AIRPORT, NC US",35.8923,-78.7819,126.8,2018-05-15,0.02,78,88,69,400.0,898.0423981929877
135,"RALEIGH AIRPORT, NC US",35.8923,-78.7819,126.8,2018-05-16,0.76,75,85,68,400.0,688.1280803788172
136,"RALEIGH AIRPORT, NC US",35.8923,-78.7819,126.8,2018-05-17,0.69,72,77,69,400.0,996.017486066409
137,"RALEIGH AIRPORT, NC US",35.8923,-78.7819,126.8,2018-05-18,0.23,75,82,71,400.0,882.3965124944481
138,"RALEIGH AIRPORT, NC US",35.8923,-78.7819,126.8,2018-05-19,0.59,71,75,69,400.0,708.1729074489599
139,"RALEIGH AIRPORT, NC US",35.8923,-78.7819,126.8,2018-05-20,0.0,74,86,69,400.0,689.4736830855885
140,"RALEIGH AIRPORT, NC US",35.8923,-78.7819,126.8,2018-05-21,0.72,75,86,68,400.0,620.6960386707037
141,"RALEIGH AIRPORT, NC US",35.8923,-78.7819,126.8,2018-05-22,0.05,73,85,67,400.0,1052.3068214732248
142,"RALEIGH AIRPORT, NC US",35.8923,-78.7819,126.8,2018-05-23,0.0,77,87,69,400.0,959.8134193873319
143,"RALEIGH AIRPORT, NC US",35.8923,-78.7819,126.8,2018-05-24,0.0,76,84,68,400.0,709.1654593386154
144,"RALEIGH AIRPORT, NC US",35.8923,-78.7819,126.8,2018-05-25,0.0,74,86,65,400.0,599.9668803213225
145,"RALEIGH AIRPORT, NC US",35.8923,-78.7819,126.8,2018-05-26,0.33,75,87,68,400.0,874.4086607083766
146,"RALEIGH AIRPORT, NC US",35.8923,-78.7819,126.8,2018-05-27,0.0,77,87,69,400.0,801.9790721447278
147,"RALEIGH AIRPORT, NC US",35.8923,-78.7819,126.8,2018-05-28,0.28,73,76,69,400.0,1427.2184921471612
148,"RALEIGH AIRPORT, NC US",35.8923,-78.7819,126.8,2018-05-29,0.62,74,82,69,400.0,817.3746315605197
149,"RALEIGH AIRPORT, NC US",35.8923,-78.7819,126.8,2018-05-30,0.49,76,85,73,400.0,899.7642824705083
150,"RALEIGH AIRPORT, NC US",35.8923,-78.7819,126.8,2018-05-31,0.0,76,88,71,400.0,796.0165557272103
151,"RALEIGH AIRPORT, NC US",35.8923,-78.7819,126.8,2018-06-01,0.0,79,92,69,400.0,893.4828914385478
152,"RALEIGH AIRPORT, NC US",35.8923,-78.7819,126.8,2018-06-02,0.08,77,87,68,400.0,799.4387870167903
153,"RALEIGH AIRPORT, NC US",35.8923,-78.7819,126.8,2018-06-03,0.0,77,88,69,400.0,840.7953897363113
154,"RALEIGH AIRPORT, NC US",35.8923,-78.7819,126.8,2018-06-04,0.0,74,85,64,400.0,718.7541833382902
155,"RALEIGH AIRPORT, NC US",35.8923,-78.7819,126.8,2018-06-05,0.0,71,82,57,400.0,919.0690645291428
156,"RALEIGH AIRPORT, NC US",35.8923,-78.7819,126.8,2018-06-06,0.23,72,85,61,400.0,823.4019310135811
157,"RALEIGH AIRPORT, NC US",35.8923,-78.7819,126.8,2018-06-07,0.0,72,85,62,400.0,754.3103623156824
158,"RALEIGH AIRPORT, NC US",35.8923,-78.7819,126.8,2018-06-08,0.0,77,89,65,400.0,828.4783536885279
159,"RALEIGH AIRPORT, NC US",35.8923,-78.7819,126.8,2018-06-09,0.0,79,89,68,400.0,765.1901347210869
160,"RALEIGH AIRPORT, NC US",35.8923,-78.7819,126.8,2018-06-10,0.2,79,91,67,400.0,771.446264474419
161,"RALEIGH AIRPORT, NC US",35.8923,-78.7819,126.8,2018-06-11,0.31,76,85,64,400.0,878.8076059476839
162,"RALEIGH AIRPORT, NC US",35.8923,-78.7819,126.8,2018-06-12,0.01,66,70,63,360.0,850.9588108431607
163,"RALEIGH AIRPORT, NC US",35.8923,-78.7819,126.8,2018-06-13,0.0,74,85,67,400.0,555.3557200610157
164,"RALEIGH AIRPORT, NC US",35.8923,-78.7819,126.8,2018-06-14,0.0,79,91,70,400.0,771.4920322390367
165,"RALEIGH AIRPORT, NC US",35.8923,-78.7819,126.8,2018-06-15,0.0,79,86,69,400.0,812.1935512519451
166,"RALEIGH AIRPORT, NC US",35.8923,-78.7819,126.8,2018-06-16,0.0,78,90,65,400.0,632.0236719750482
167,"RALEIGH AIRPORT, NC US",35.8923,-78.7819,126.8,2018-06-17,0.0,81,93,70,400.0,865.603631290545
168,"RALEIGH AIRPORT, NC US",35.8923,-78.7819,126.8,2018-06-18,0.0,84,94,74,400.0,764.161506878154
169,"RALEIGH AIRPORT, NC US",35.8923,-78.7819,126.8,2018-06-19,0.0,85,96,73,400.0,719.3900787830027
170,"RALEIGH AIRPORT, NC US",35.8923,-78.7819,126.8,2018-06-20,0.0,83,94,73,400.0,534.6716973932231
171,"RALEIGH AIRPORT, NC US",35.8923,-78.7819,126.8,2018-06-21,0.12,81,92,72,400.0,583.4253002672871
172,"RALEIGH AIRPORT, NC US",35.8923,-78.7819,126.8,2018-06-22,0.0,82,95,71,400.0,814.0175378338882
173,"RALEIGH AIRPORT, NC US",35.8923,-78.7819,126.8,2018-06-23,0.18,83,92,74,400.0,1068.9504580062942
174,"RALEIGH AIRPORT, NC US",35.8923,-78.7819,126.8,2018-06-24,0.07,83,96,73,400.0,737.4430697303526
175,"RALEIGH AIRPORT, NC US",35.8923,-78.7819,126.8,2018-06-25,0.02,80,88,72,400.0,485.4130447799562
176,"RALEIGH AIRPORT, NC US",35.8923,-78.7819,126.8,2018-06-26,0.74,74,74,66,400.0,985.8378692193469
177,"RALEIGH AIRPORT, NC US",35.8923,-78.7819,126.8,2018-06-27,0.0,73,86,65,400.0,825.9375592038589
178,"RALEIGH AIRPORT, NC US",35.8923,-78.7819,126.8,2018-06-28,0.0,79,90,68,400.0,975.769415699203
179,"RALEIGH AIRPORT, NC US",35.8923,-78.7819,126.8,2018-06-29,0.0,80,92,70,400.0,705.712881600113
180,"RALEIGH AIRPORT, NC US",35.8923,-78.7819,126.8,2018-06-30,0.02,83,94,71,400.0,929.5610116616926
181,"RALEIGH AIRPORT, NC US",35.8923,-78.7819,126.8,2018-07-01,0.48,84,95,73,400.0,852.4499783442039
182,"RALEIGH AIRPORT, NC US",35.8923,-78.7819,126.8,2018-07-02,0.0,85,95,75,400.0,612.7244590367062
183,"RALEIGH AIRPORT, NC US",35.8923,-78.7819,126.8,2018-07-03,0.0,85,95,75,400.0,747.0211077868513
184,"RALEIGH AIRPORT, NC US",35.8923,-78.7819,126.8,2018-07-04,0.0,82,93,72,400.0,1518.5612137802007
185,"RALEIGH AIRPORT, NC US",35.8923,-78.7819,126.8,2018-07-05,0.03,81,95,72,400.0,668.353969163955
186,"RALEIGH AIRPORT, NC US",35.8923,-78.7819,126.8,2018-07-06,0.34,78,93,71,400.0,979.1871855067584
187,"RALEIGH AIRPORT, NC US",35.8923,-78.7819,126.8,2018-07-07,0.65,73,79,67,400.0,739.947966477642
188,"RALEIGH AIRPORT, NC US",35.8923,-78.7819,126.8,2018-07-08,0.0,72,82,62,400.0,932.9576437233409
189,"RALEIGH AIRPORT, NC US",35.8923,-78.7819,126.8,2018-07-09,0.0,72,87,57,400.0,763.9430339932812
190,"RALEIGH AIRPORT, NC US",35.8923,-78.7819,126.8,2018-07-10,0.0,75,91,59,400.0,897.7992258291748
191,"RALEIGH AIRPORT, NC US",35.8923,-78.7819,126.8,2018-07-11,0.05,81,96,67,400.0,885.329032660997
192,"RALEIGH AIRPORT, NC US",35.8923,-78.7819,126.8,2018-07-12,0.01,79,87,72,400.0,514.4727342023275
193,"RALEIGH AIRPORT, NC US",35.8923,-78.7819,126.8,2018-07-13,0.0,78,88,68,400.0,763.456575525377
194,"RALEIGH AIRPORT, NC US",35.8923,-78.7819,126.8,2018-07-14,0.0,78,89,65,400.0,910.3949354928551
195,"RALEIGH AIRPORT, NC US",35.8923,-78.7819,126.8,2018-07-15,0.0,80,95,68,400.0,749.7601568330354
196,"RALEIGH AIRPORT, NC US",35.8923,-78.7819,126.8,2018-07-16,0.0,83,95,74,400.0,1028.3585702564274
197,"RALEIGH AIRPORT, NC US",35.8923,-78.7819,126.8,2018-07-17,0.1,82,98,72,400.0,996.3226547714444
198,"RALEIGH AIRPORT, NC US",35.8923,-78.7819,126.8,2018-07-18,0.0,78,89,72,400.0,684.6851023278532
199,"RALEIGH AIRPORT, NC US",35.8923,-78.7819,126.8,2018-07-19,0.0,78,90,63,400.0,828.3726433285874
200,"RALEIGH AIRPORT, NC US",35.8923,-78.7819,126.8,2018-07-20,0.0,77,86,69,400.0,885.9424630479546
201,"RALEIGH AIRPORT, NC US",35.8923,-78.7819,126.8,2018-07-21,0.01,77,88,69,400.0,702.0593563566775
202,"RALEIGH AIRPORT, NC US",35.8923,-78.7819,126.8,2018-07-22,1.11,76,89,68,400.0,1053.5880047652468
203,"RALEIGH AIRPORT, NC US",35.8923,-78.7819,126.8,2018-07-23,0.02,76,88,70,400.0,923.0943813123026
204,"RALEIGH AIRPORT, NC US",35.8923,-78.7819,126.8,2018-07-24,0.0,77,86,71,400.0,816.4354277009328
205,"RALEIGH AIRPORT, NC US",35.8923,-78.7819,126.8,2018-07-25,0.27,76,82,69,400.0,685.8514470746235
206,"RALEIGH AIRPORT, NC US",35.8923,-78.7819,126.8,2018-07-26,0.0,78,92,68,400.0,674.8583815627547
207,"RALEIGH AIRPORT, NC US",35.8923,-78.7819,126.8,2018-07-27,0.0,82,95,73,400.0,691.6652989185156
208,"RALEIGH AIRPORT, NC US",35.8923,-78.7819,126.8,2018-07-28,0.84,79,91,71,400.0,921.5451093712469
209,"RALEIGH AIRPORT, NC US",35.8923,-78.7819,126.8,2018-07-29,0.07,77,88,70,400.0,673.4707037697086
210,"RALEIGH AIRPORT, NC US",35.8923,-78.7819,126.8,2018-07-30,0.72,76,86,72,400.0,937.6052972764496
211,"RALEIGH AIRPORT, NC US",35.8923,-78.7819,126.8,2018-07-31,0.22,78,87,73,400.0,1153.2121087552673
212,"RALEIGH AIRPORT, NC US",35.8923,-78.7819,126.8,2018-08-01,0.02,78,90,73,400.0,601.3177965479463
213,"RALEIGH AIRPORT, NC US",35.8923,-78.7819,126.8,2018-08-02,0.26,78,89,71,400.0,706.7119723727301
214,"RALEIGH AIRPORT, NC US",35.8923,-78.7819,126.8,2018-08-03,1.12,73,77,70,400.0,970.7204288798196
215,"RALEIGH AIRPORT, NC US",35.8923,-78.7819,126.8,2018-08-04,0.0,77,89,71,400.0,845.3813117332156
216,"RALEIGH AIRPORT, NC US",35.8923,-78.7819,126.8,2018-08-05,0.0,80,93,72,400.0,672.2696540737414
217,"RALEIGH AIRPORT, NC US",35.8923,-78.7819,126.8,2018-08-06,0.05,80,92,72,400.0,793.0325418204129
218,"RALEIGH AIRPORT, NC US",35.8923,-78.7819,126.8,2018-08-07,0.2,81,93,71,400.0,796.3591190912415
219,"RALEIGH AIRPORT, NC US",35.8923,-78.7819,126.8,2018-08-08,0.46,80,94,69,400.0,913.3063979937618
220,"RALEIGH AIRPORT, NC US",35.8923,-78.7819,126.8,2018-08-09,0.0,77,90,69,400.0,670.9079178449236
221,"RALEIGH AIRPORT, NC US",35.8923,-78.7819,126.8,2018-08-10,0.0,80,91,69,400.0,761.2051982434646
222,"RALEIGH AIRPORT, NC US",35.8923,-78.7819,126.8,2018-08-11,0.04,80,91,72,400.0,781.0840946986384
223,"RALEIGH AIRPORT, NC US",35.8923,-78.7819,126.8,2018-08-12,0.8,78,89,70,400.0,855.0972301744067
224,"RALEIGH AIRPORT, NC US",35.8923,-78.7819,126.8,2018-08-13,0.08,74,85,67,400.0,768.2293437838853
225,"RALEIGH AIRPORT, NC US",35.8923,-78.7819,126.8,2018-08-14,0.12,74,86,65,400.0,580.1747396668156
226,"RALEIGH AIRPORT, NC US",35.8923,-78.7819,126.8,2018-08-15,0.0,78,90,68,400.0,604.1208500834448
227,"RALEIGH AIRPORT, NC US",35.8923,-78.7819,126.8,2018-08-16,0.0,79,92,68,400.0,984.6631065851889
228,"RALEIGH AIRPORT, NC US",35.8923,-78.7819,126.8,2018-08-17,0.0,81,91,73,400.0,729.0978516622744
229,"RALEIGH AIRPORT, NC US",35.8923,-78.7819,126.8,2018-08-18,0.49,80,88,73,400.0,817.5567922646608
230,"RALEIGH AIRPORT, NC US",35.8923,-78.7819,126.8,2018-08-19,1.83,77,88,68,400.0,805.8435255764921
231,"RALEIGH AIRPORT, NC US",35.8923,-78.7819,126.8,2018-08-20,0.86,76,87,68,400.0,858.4894420368257
232,"RALEIGH AIRPORT, NC US",35.8923,-78.7819,126.8,2018-08-21,0.01,78,87,71,400.0,1006.3960349429179
233,"RALEIGH AIRPORT, NC US",35.8923,-78.7819,126.8,2018-08-22,0.01,78,88,70,400.0,807.9535371487259
234,"RALEIGH AIRPORT, NC US",35.8923,-78.7819,126.8,2018-08-23,0.0,73,80,60,400.0,921.7925237345192
235,"RALEIGH AIRPORT, NC US",35.8923,-78.7819,126.8,2018-08-24,0.0,68,82,55,380.0,839.5598287784198
236,"RALEIGH AIRPORT, NC US",35.8923,-78.7819,126.8,2018-08-25,0.0,72,83,59,400.0,841.7929311164563
237,"RALEIGH AIRPORT, NC US",35.8923,-78.7819,126.8,2018-08-26,0.0,73,88,60,400.0,636.5158528180164
238,"RALEIGH AIRPORT, NC US",35.8923,-78.7819,126.8,2018-08-27,0.0,80,93,69,400.0,735.4061833272774
239,"RALEIGH AIRPORT, NC US",35.8923,-78.7819,126.8,2018-08-28,0.0,81,94,71,400.0,942.2637880877694
240,"RALEIGH AIRPORT, NC US",35.8923,-78.7819,126.8,2018-08-29,0.0,81,94,72,400.0,755.3738661508872
241,"RALEIGH AIRPORT, NC US",35.8923,-78.7819,126.8,2018-08-30,0.0,83,95,73,400.0,749.9021615599371
242,"RALEIGH AIRPORT, NC US",35.8923,-78.7819,126.8,2018-08-31,0.27,80,92,69,400.0,760.4093428823003
243,"RALEIGH AIRPORT, NC US",35.8923,-78.7819,126.8,2018-09-01,0.19,79,93,71,400.0,621.3437164576476
244,"RALEIGH AIRPORT, NC US",35.8923,-78.7819,126.8,2018-09-02,0.0,76,90,69,400.0,678.2627092635736
245,"RALEIGH AIRPORT, NC US",35.8923,-78.7819,126.8,2018-09-03,0.0,78,91,69,400.0,1531.6696798917515
246,"RALEIGH AIRPORT, NC US",35.8923,-78.7819,126.8,2018-09-04,0.01,80,92,72,400.0,669.1616535996841
247,"RALEIGH AIRPORT, NC US",35.8923,-78.7819,126.8,2018-09-05,0.0,80,91,71,400.0,610.6233476699389
248,"RALEIGH AIRPORT, NC US",35.8923,-78.7819,126.8,2018-09-06,0.0,81,92,71,400.0,909.4189404405848
249,"RALEIGH AIRPORT, NC US",35.8923,-78.7819,126.8,2018-09-07,0.03,81,92,71,400.0,924.2840607591916
250,"RALEIGH AIRPORT, NC US",35.8923,-78.7819,126.8,2018-09-08,0.0,79,91,71,400.0,791.6324168112469
251,"RALEIGH AIRPORT, NC US",35.8923,-78.7819,126.8,2018-09-09,0.15,74,80,67,400.0,651.1905548293826
252,"RALEIGH AIRPORT, NC US",35.8923,-78.7819,126.8,2018-09-10,0.26,74,88,67,400.0,949.0219873824274
253,"RALEIGH AIRPORT, NC US",35.8923,-78.7819,126.8,2018-09-11,0.0,76,88,68,400.0,864.3356550960709
254,"RALEIGH AIRPORT, NC US",35.8923,-78.7819,126.8,2018-09-12,0.13,77,88,72,400.0,564.5841358668696
255,"RALEIGH AIRPORT, NC US",35.8923,-78.7819,126.8,2018-09-13,0.28,76,81,74,400.0,657.8991814875653
256,"RALEIGH AIRPORT, NC US",35.8923,-78.7819,126.8,2018-09-14,2.5,76,79,73,400.0,582.5964508067744
257,"RALEIGH AIRPORT, NC US",35.8923,-78.7819,126.8,2018-09-15,1.85,75,77,73,400.0,489.75338366668706
258,"RALEIGH AIRPORT, NC US",35.8923,-78.7819,126.8,2018-09-16,0.9,74,76,73,400.0,989.0147254770636
259,"RALEIGH AIRPORT, NC US",35.8923,-78.7819,126.8,2018-09-17,1.32,78,88,72,400.0,1012.2686747859784
260,"RALEIGH AIRPORT, NC US",35.8923,-78.7819,126.8,2018-09-18,0.0,78,85,71,400.0,478.4937436572796
261,"RALEIGH AIRPORT, NC US",35.8923,-78.7819,126.8,2018-09-19,0.0,76,88,65,400.0,876.8308961540639
262,"RALEIGH AIRPORT, NC US",35.8923,-78.7819,126.8,2018-09-20,0.0,76,87,67,400.0,769.5674770031826
263,"RALEIGH AIRPORT, NC US",35.8923,-78.7819,126.8,2018-09-21,0.0,76,83,70,400.0,832.0828849612799
264,"RALEIGH AIRPORT, NC US",35.8923,-78.7819,126.8,2018-09-22,0.0,76,88,67,400.0,914.4469407351814
265,"RALEIGH AIRPORT, NC US",35.8923,-78.7819,126.8,2018-09-23,0.0,73,76,64,400.0,917.99441499825
266,"RALEIGH AIRPORT, NC US",35.8923,-78.7819,126.8,2018-09-24,0.0,68,74,64,380.0,750.7634589060026
267,"RALEIGH AIRPORT, NC US",35.8923,-78.7819,126.8,2018-09-25,0.0,74,85,69,400.0,705.875942834338
268,"RALEIGH AIRPORT, NC US",35.8923,-78.7819,126.8,2018-09-26,0.12,75,87,66,400.0,884.3633457995861
269,"RALEIGH AIRPORT, NC US",35.8923,-78.7819,126.8,2018-09-27,0.21,74,79,70,400.0,1054.9659324925549
270,"RALEIGH AIRPORT, NC US",35.8923,-78.7819,126.8,2018-09-28,0.02,73,79,65,400.0,596.9951723996371
271,"RALEIGH AIRPORT, NC US",35.8923,-78.7819,126.8,2018-09-29,0.0,70,82,60,400.0,675.8727496060366
272,"RALEIGH AIRPORT, NC US",35.8923,-78.7819,126.8,2018-09-30,0.0,71,81,62,400.0,761.1942627041128
273,"RALEIGH AIRPORT, NC US",35.8923,-78.7819,126.8,2018-10-01,0.0,70,82,60,400.0,659.1470592793959
274,"RALEIGH AIRPORT, NC US",35.8923,-78.7819,126.8,2018-10-02,0.0,71,83,61,400.0,727.8716356962772
275,"RALEIGH AIRPORT, NC US",35.8923,-78.7819,126.8,2018-10-03,0.0,73,86,64,400.0,923.1514281909456
276,"RALEIGH AIRPORT, NC US",35.8923,-78.7819,126.8,2018-10-04,0.0,76,89,66,400.0,845.5635805932877
277,"RALEIGH AIRPORT, NC US",35.8923,-78.7819,126.8,2018-10-05,0.0,77,90,68,400.0,762.4404809899436
278,"RALEIGH AIRPORT, NC US",35.8923,-78.7819,126.8,2018-10-06,0.0,74,82,68,400.0,784.4017305305135
279,"RALEIGH AIRPORT, NC US",35.8923,-78.7819,126.8,2018-10-07,0.0,74,87,66,400.0,675.3810707749903
280,"RALEIGH AIRPORT, NC US",35.8923,-78.7819,126.8,2018-10-08,0.0,76,85,69,400.0,900.3462754327286
281,"RALEIGH AIRPORT, NC US",35.8923,-78.7819,126.8,2018-10-09,0.07,74,80,67,400.0,710.1377898188603
282,"RALEIGH AIRPORT, NC US",35.8923,-78.7819,126.8,2018-10-10,0.1,74,81,69,400.0,622.4465042727967
283,"RALEIGH AIRPORT, NC US",35.8923,-78.7819,126.8,2018-10-11,2.6,75,79,63,400.0,704.629265853725
284,"RALEIGH AIRPORT, NC US",35.8923,-78.7819,126.8,2018-10-12,0.0,63,71,51,330.0,644.4913518950791
285,"RALEIGH AIRPORT, NC US",35.8923,-78.7819,126.8,2018-10-13,0.0,58,70,48,280.0,767.7402515596575
286,"RALEIGH AIRPORT, NC US",35.8923,-78.7819,126.8,2018-10-14,0.0,55,65,49,250.0,478.7426768368082
287,"RALEIGH AIRPORT, NC US",35.8923,-78.7819,126.8,2018-10-15,0.0,66,80,59,360.0,641.2618720163007
288,"RALEIGH AIRPORT, NC US",35.8923,-78.7819,126.8,2018-10-16,0.01,71,75,64,400.0,1104.2321512781668
289,"RALEIGH AIRPORT, NC US",35.8923,-78.7819,126.8,2018-10-17,0.0,66,71,53,360.0,700.8396359480029
290,"RALEIGH AIRPORT, NC US",35.8923,-78.7819,126.8,2018-10-18,0.0,56,62,43,260.0,701.4236467929828
291,"RALEIGH AIRPORT, NC US",35.8923,-78.7819,126.8,2018-10-19,0.0,52,69,39,220.0,496.5408862549138
292,"RALEIGH AIRPORT, NC US",35.8923,-78.7819,126.8,2018-10-20,0.21,61,67,54,310.0,704.33078182335
293,"RALEIGH AIRPORT, NC US",35.8923,-78.7819,126.8,2018-10-21,0.0,53,58,37,230.0,277.4314416416629
294,"RALEIGH AIRPORT, NC US",35.8923,-78.7819,126.8,2018-10-22,0.0,45,62,34,150.0,339.07294471702414
295,"RALEIGH AIRPORT, NC US",35.8923,-78.7819,126.8,2018-10-23,0.0,52,66,42,220.0,352.0829985291765
296,"RALEIGH AIRPORT, NC US",35.8923,-78.7819,126.8,2018-10-24,0.0,51,61,38,210.0,235.96745172882657
297,"RALEIGH AIRPORT, NC US",35.8923,-78.7819,126.8,2018-10-25,0.0,45,55,36,150.0,338.04523874158565
298,"RALEIGH AIRPORT, NC US",35.8923,-78.7819,126.8,2018-10-26,1.58,45,52,42,150.0,255.28400501404855
299,"RALEIGH AIRPORT, NC US",35.8923,-78.7819,126.8,2018-10-27,0.01,51,55,47,210.0,416.6405470004793
300,"RALEIGH AIRPORT, NC US",35.8923,-78.7819,126.8,2018-10-28,0.0,52,64,42,220.0,567.9206361424278
301,"RALEIGH AIRPORT, NC US",35.8923,-78.7819,126.8,2018-10-29,0.0,56,65,39,260.0,166.84640793964962
302,"RALEIGH AIRPORT, NC US",35.8923,-78.7819,126.8,2018-10-30,0.0,49,65,35,190.0,400.5398031261882
303,"RALEIGH AIRPORT, NC US",35.8923,-78.7819,126.8,2018-10-31,0.0,54,72,42,240.0,222.48827191576112
304,"RALEIGH AIRPORT, NC US",35.8923,-78.7819,126.8,2018-11-01,0.11,63,75,55,330.0,381.36513150432415
305,"RALEIGH AIRPORT, NC US",35.8923,-78.7819,126.8,2018-11-02,0.0,68,70,60,380.0,730.2173580842116
306,"RALEIGH AIRPORT, NC US",35.8923,-78.7819,126.8,2018-11-03,0.0,57,61,39,270.0,439.8407378822
307,"RALEIGH AIRPORT, NC US",35.8923,-78.7819,126.8,2018-11-04,0.04,49,65,37,190.0,10.633992774549881
308,"RALEIGH AIRPORT, NC US",35.8923,-78.7819,126.8,2018-11-05,0.82,58,62,54,280.0,512.962092950753
309,"RALEIGH AIRPORT, NC US",35.8923,-78.7819,126.8,2018-11-06,0.03,65,74,57,350.0,693.9135172191482
310,"RALEIGH AIRPORT, NC US",35.8923,-78.7819,126.8,2018-11-07,0.0,60,73,49,300.0,751.0480059103661
311,"RALEIGH AIRPORT, NC US",35.8923,-78.7819,126.8,2018-11-08,0.0,58,65,51,280.0,679.7524120905213
312,"RALEIGH AIRPORT, NC US",35.8923,-78.7819,126.8,2018-11-09,0.07,53,53,50,230.0,420.54141122065136
313,"RALEIGH AIRPORT, NC US",35.8923,-78.7819,126.8,2018-11-10,0.0,49,52,34,190.0,118.70386902587057
314,"RALEIGH AIRPORT, NC US",35.8923,-78.7819,126.8,2018-11-11,0.0,38,51,28,100.0,138.62749845517084
315,"RALEIGH AIRPORT, NC US",35.8923,-78.7819,126.8,2018-11-12,3.17,41,48,35,110.0,253.02486867322892
316,"RALEIGH AIRPORT, NC US",35.8923,-78.7819,126.8,2018-11-13,1.19,48,51,44,180.0,430.07155271966286
317,"RALEIGH AIRPORT, NC US",35.8923,-78.7819,126.8,2018-11-14,0.04,46,48,39,160.0,430.8722357402703
318,"RALEIGH AIRPORT, NC US",35.8923,-78.7819,126.8,2018-11-15,0.88,40,43,36,100.0,196.2228211360744
319,"RALEIGH AIRPORT, NC US",35.8923,-78.7819,126.8,2018-11-16,0.0,42,54,34,120.0,274.2096147844053
320,"RALEIGH AIRPORT, NC US",35.8923,-78.7819,126.8,2018-11-17,0.0,43,59,33,130.0,158.2953083583861
321,"RALEIGH AIRPORT, NC US",35.8923,-78.7819,126.8,2018-11-18,0.0,46,59,37,160.0,245.97460700932285
322,"RALEIGH AIRPORT, NC US",35.8923,-78.7819,126.8,2018-11-19,0.0,51,65,43,210.0,478.2950461127242
323,"RALEIGH AIRPORT, NC US",35.8923,-78.7819,126.8,2018-11-20,0.0,53,64,38,230.0,575.1144791373896
324,"RALEIGH AIRPORT, NC US",35.8923,-78.7819,126.8,2018-11-21,0.0,43,57,30,130.0,61.87920582814715
325,"RALEIGH AIRPORT, NC US",35.8923,-78.7819,126.8,2018-11-22,0.0,41,50,33,110.0,132.66691260746555
326,"RALEIGH AIRPORT, NC US",35.8923,-78.7819,126.8,2018-11-23,0.0,36,45,27,100.0,148.8369168322652
327,"RALEIGH AIRPORT, NC US",35.8923,-78.7819,126.8,2018-11-24,0.72,39,45,36,100.0,278.8758953009183
328,"RALEIGH AIRPORT, NC US",35.8923,-78.7819,126.8,2018-11-25,0.0,47,59,42,170.0,325.79882502716725
329,"RALEIGH AIRPORT, NC US",35.8923,-78.7819,126.8,2018-11-26,0.01,52,63,39,220.0,790.6753113273443
330,"RALEIGH AIRPORT, NC US",35.8923,-78.7819,126.8,2018-11-27,0.0,41,48,31,110.0,232.3356651640148
331,"RALEIGH AIRPORT, NC US",35.8923,-78.7819,126.8,2018-11-28,0.0,34,42,25,100.0,83.6533151603394
332,"RALEIGH AIRPORT, NC US",35.8923,-78.7819,126.8,2018-11-29,0.0,35,51,25,100.0,160.4143790556908
333,"RALEIGH AIRPORT, NC US",35.8923,-78.7819,126.8,2018-11-30,0.02,51,68,42,210.0,332.1587738962991
334,"RALEIGH AIRPORT, NC US",35.8923,-78.7819,126.8,2018-12-01,0.32,56,62,52,260.0,489.7604139414872
335,"RALEIGH AIRPORT, NC US",35.8923,-78.7819,126.8,2018-12-02,0.0,62,71,58,320.0,676.200591839575
336,"RALEIGH AIRPORT, NC US",35.8923,-78.7819,126.8,2018-12-03,0.0,62,68,47,320.0,848.3029651217487
337,"RALEIGH AIRPORT, NC US",35.8923,-78.7819,126.8,2018-12-04,0.0,48,53,41,180.0,556.8142130057512
338,"RALEIGH AIRPORT, NC US",35.8923,-78.7819,126.8,2018-12-05,0.0,42,48,30,120.0,314.857852372441
339,"RALEIGH AIRPORT, NC US",35.8923,-78.7819,126.8,2018-12-06,0.0,35,46,25,100.0,36.02451426395942
340,"RALEIGH AIRPORT, NC US",35.8923,-78.7819,126.8,2018-12-07,0.0,40,50,29,100.0,262.0224968546266
341,"RALEIGH AIRPORT, NC US",35.8923,-78.7819,126.8,2018-12-08,0.0,38,43,31,100.0,73.70323168687678
342,"RALEIGH AIRPORT, NC US",35.8923,-78.7819,126.8,2018-12-09,1.75,34,38,30,100.0,175.02714696474553
343,"RALEIGH AIRPORT, NC US",35.8923,-78.7819,126.8,2018-12-10,0.73,33,34,30,100.0,259.7337305746405
344,"RALEIGH AIRPORT, NC US",35.8923,-78.7819,126.8,2018-12-11,0.0,34,44,27,100.0,185.0172988771693
345,"RALEIGH AIRPORT, NC US",35.8923,-78.7819,126.8,2018-12-12,0.0,34,45,24,100.0,500.84339150135384
346,"RALEIGH AIRPORT, NC US",35.8923,-78.7819,126.8,2018-12-13,0.0,38,51,29,100.0,194.59359907943823
347,"RALEIGH AIRPORT, NC US",35.8923,-78.7819,126.8,2018-12-14,0.7,41,57,36,110.0,159.81256844550745
348,"RALEIGH AIRPORT, NC US",35.8923,-78.7819,126.8,2018-12-15,0.23,47,49,42,170.0,294.62430546527946
349,"RALEIGH AIRPORT, NC US",35.8923,-78.7819,126.8,2018-12-16,0.0,50,60,42,200.0,529.5218031504105
350,"RALEIGH AIRPORT, NC US",35.8923,-78.7819,126.8,2018-12-17,0.0,49,61,36,190.0,128.33772999460714
351,"RALEIGH AIRPORT, NC US",35.8923,-78.7819,126.8,2018-12-18,0.0,44,53,34,140.0,198.39798862131624
352,"RALEIGH AIRPORT, NC US",35.8923,-78.7819,126.8,2018-12-19,0.0,38,53,27,100.0,20.335642924457062
353,"RALEIGH AIRPORT, NC US",35.8923,-78.7819,126.8,2018-12-20,0.68,49,66,45,190.0,322.11711752419217
354,"RALEIGH AIRPORT, NC US",35.8923,-78.7819,126.8,2018-12-21,0.04,62,65,46,320.0,362.95138856596293
355,"RALEIGH AIRPORT, NC US",35.8923,-78.7819,126.8,2018-12-22,0.0,48,53,34,180.0,296.7458293272831
356,"RALEIGH AIRPORT, NC US",35.8923,-78.7819,126.8,2018-12-23,0.01,41,57,28,110.0,332.71958025753383
357,"RALEIGH AIRPORT, NC US",35.8923,-78.7819,126.8,2018-12-24,0.0,47,51,29,170.0,205.91165555870316
358,"RALEIGH AIRPORT, NC US",35.8923,-78.7819,126.8,2018-12-25,0.0,37,50,26,100.0,337.26854462642547
359,"RALEIGH AIRPORT, NC US",35.8923,-78.7819,126.8,2018-12-26,0.0,38,51,26,100.0,73.60892904756712
360,"RALEIGH AIRPORT, NC US",35.8923,-78.7819,126.8,2018-12-27,0.02,40,54,29,100.0,150.39816867021852
361,"RALEIGH AIRPORT, NC US",35.8923,-78.7819,126.8,2018-12-28,1.61,58,68,50,280.0,363.3713131047735
362,"RALEIGH AIRPORT, NC US",35.8923,-78.7819,126.8,2018-12-29,0.0,58,65,45,280.0,616.6404799751192
363,"RALEIGH AIRPORT, NC US",35.8923,-78.7819,126.8,2018-12-30,0.01,50,59,45,200.0,448.31208079126907
364,"RALEIGH AIRPORT, NC US",35.8923,-78.7819,126.8,2018-12-31,0.13,53,67,47,230.0,459.40234047150875
